number_threads,secs_comp,secs_com,secs_total,gflops,triangles
1,2682.44,0.215855,,0.00375165,
2,1371.42,0.214002,,0.00733751,
4,712.852,0.278602,,0.0141129,
8,362.66,0.321203,362.981,0.027727,373810
16,190.742,0.31518,191.057,0.0526772,373810
32,118.897,0.267421,119.164,0.0844581,373810
64,110.652,0.257384,110.909,0.0907442,373810
128,109.83,0.296663,110.126,0.0913894,373810
256,108.457,0.282731,108.74,0.0925546,373810
512,109.584,0.247881,109.832,0.091634,373810
1024,130.594,0.272829,130.867,0.0769054,373810
2048,116.711,0.252574,116.964,0.086047,373810
4096,114.014,0.251783,114.266,0.0880787,373810
8192,112.723,0.304492,113.027,0.0890436,373810
16384,126.581,0.257744,126.839,0.0793476,373810
